category,amount,out,in,year,month,Month
Family,1,0,1,2022,9,Sep
Family,499,0,499,2022,9,Sep
Family,-1,1,0,2022,9,Sep
Family,-45,45,0,2022,9,Sep
Family,-6,6,0,2022,9,Sep
Transport,-1.65,1.65,0,2022,9,Sep
Shopping,-14,14,0,2022,9,Sep
Eating out,-3.89,3.89,0,2022,9,Sep
Transport,-26.4,26.4,0,2022,9,Sep
Family,-13,13,0,2022,10,Oct
Family,10,0,10,2022,10,Oct
Transport,-3.3,3.3,0,2022,10,Oct
Eating out,-2.6,2.6,0,2022,10,Oct
Groceries,-6.6,6.6,0,2022,10,Oct
Family,250,0,250,2022,10,Oct
Transport,-3.25,3.25,0,2022,10,Oct
Family,-10,10,0,2022,10,Oct
Transport,-8.95,8.95,0,2022,10,Oct
Family,7,0,7,2022,10,Oct
Expenses,0,0,0,2022,10,Oct
Expenses,-6.69,6.69,0,2022,10,Oct
Transport,-17.4,17.4,0,2022,10,Oct
Transport,-3.7,3.7,0,2022,10,Oct
Transport,-3.7,3.7,0,2022,10,Oct
Groceries,-1.5,1.5,0,2022,10,Oct
Transport,-20.1,20.1,0,2022,10,Oct
Transport,-8.6,8.6,0,2022,10,Oct
Transport,-11.94,11.94,0,2022,10,Oct
Transport,-9.5,9.5,0,2022,10,Oct
Transport,-5.2,5.2,0,2022,10,Oct
Family,25.71,0,25.71,2022,10,Oct
Expenses,-25.71,25.71,0,2022,10,Oct
Eating out,-11.17,11.17,0,2022,10,Oct
Groceries,-2.95,2.95,0,2022,10,Oct
Transport,-3.3,3.3,0,2022,10,Oct
Groceries,-1.5,1.5,0,2022,10,Oct
Transport,-1.65,1.65,0,2022,10,Oct
Transport,-18.64,18.64,0,2022,10,Oct
Transport,-5.2,5.2,0,2022,10,Oct
Transport,-3.3,3.3,0,2022,10,Oct
Transport,-11.45,11.45,0,2022,10,Oct
Transport,-5.2,5.2,0,2022,10,Oct
Groceries,-1.25,1.25,0,2022,10,Oct
Groceries,-1.7,1.7,0,2022,10,Oct
Expenses,-5,5,0,2022,10,Oct
Family,-15,15,0,2022,10,Oct
Family,15,0,15,2022,10,Oct
Transport,-3.3,3.3,0,2022,10,Oct
Transport,-18.05,18.05,0,2022,10,Oct
Transport,-5.2,5.2,0,2022,10,Oct
Groceries,-1.25,1.25,0,2022,10,Oct
Savings,-10,10,0,2022,10,Oct
Savings,-290,290,0,2022,10,Oct
Transport,-11.45,11.45,0,2022,10,Oct
Transport,-4.1,4.1,0,2022,10,Oct
Family,15,0,15,2022,10,Oct
Groceries,-0.89,0.89,0,2022,10,Oct
Eating out,-2,2,0,2022,10,Oct
Groceries,-8,8,0,2022,10,Oct
Transport,-4.95,4.95,0,2022,10,Oct
Shopping,-23,23,0,2022,10,Oct
Groceries,-3.5,3.5,0,2022,10,Oct
Family,10,0,10,2022,10,Oct
Transport,-3.3,3.3,0,2022,10,Oct
Transport,-18.05,18.05,0,2022,10,Oct
Transport,-5.2,5.2,0,2022,10,Oct
Groceries,-2,2,0,2022,10,Oct
Shopping,7,0,7,2022,10,Oct
Groceries,-4.3,4.3,0,2022,10,Oct
Family,5,0,5,2022,10,Oct
Groceries,-4.15,4.15,0,2022,10,Oct
Groceries,-1.1,1.1,0,2022,10,Oct
Groceries,-0.8,0.8,0,2022,10,Oct
Transport,-11.94,11.94,0,2022,11,Nov
Transport,-5.2,5.2,0,2022,11,Nov
Groceries,-0.99,0.99,0,2022,11,Nov
Expenses,0,0,0,2022,11,Nov
Expenses,-6,6,0,2022,11,Nov
Family,10,0,10,2022,11,Nov
Eating out,-8.2,8.2,0,2022,11,Nov
Family,9,0,9,2022,11,Nov
Transport,-11.45,11.45,0,2022,11,Nov
Transport,-5.2,5.2,0,2022,11,Nov
Groceries,-6.73,6.73,0,2022,11,Nov
Groceries,-1.1,1.1,0,2022,11,Nov
Expenses,-10,10,0,2022,11,Nov
Shopping,-15,15,0,2022,11,Nov
Shopping,-3.89,3.89,0,2022,11,Nov
Income,50,0,50,2022,11,Nov
Groceries,-3.1,3.1,0,2022,11,Nov
Groceries,-2,2,0,2022,11,Nov
Groceries,-0.85,0.85,0,2022,11,Nov
Family,15,0,15,2022,11,Nov
Groceries,-28.16,28.16,0,2022,11,Nov
Family,1,0,1,2022,11,Nov
Family,-1,1,0,2022,11,Nov
Groceries,-2.13,2.13,0,2022,11,Nov
Transport,-3.8,3.8,0,2022,11,Nov
Transport,-9.5,9.5,0,2022,11,Nov
Family,-15,15,0,2022,11,Nov
Groceries,-0.95,0.95,0,2022,11,Nov
Groceries,-1.59,1.59,0,2022,11,Nov
Income,20,0,20,2022,11,Nov
Transport,-7.75,7.75,0,2022,11,Nov
Transport,-5.2,5.2,0,2022,11,Nov
Groceries,-1.49,1.49,0,2022,11,Nov
Transport,-5.2,5.2,0,2022,11,Nov
Groceries,-2.36,2.36,0,2022,11,Nov
Transfers,-1,1,0,2022,11,Nov
Income,10,0,10,2022,12,Dec
Transport,-1.65,1.65,0,2022,12,Dec
Savings,-0.35,0.35,0,2022,12,Dec
Groceries,-3.72,3.72,0,2022,12,Dec
Savings,-0.28,0.28,0,2022,12,Dec
Family,15,0,15,2022,12,Dec
Family,-15,15,0,2022,12,Dec
Groceries,-0.4,0.4,0,2022,12,Dec
Income,200,0,200,2022,12,Dec
Transfers,-200,200,0,2022,12,Dec
Family,15,0,15,2022,12,Dec
Groceries,-5.36,5.36,0,2022,12,Dec
Savings,-0.64,0.64,0,2022,12,Dec
Groceries,-3.11,3.11,0,2022,12,Dec
Savings,-0.89,0.89,0,2022,12,Dec
Income,10,0,10,2022,12,Dec
Groceries,-9.48,9.48,0,2022,12,Dec
Savings,-0.52,0.52,0,2022,12,Dec
Eating out,-4.7,4.7,0,2022,12,Dec
Savings,-0.3,0.3,0,2022,12,Dec
Income,100,0,100,2022,12,Dec
Transfers,-100,100,0,2022,12,Dec
Income,50,0,50,2022,12,Dec
Income,500,0,500,2022,12,Dec
Family,-1,1,0,2022,12,Dec
Family,-499,499,0,2022,12,Dec
Shopping,-13.95,13.95,0,2022,12,Dec
Savings,-0.05,0.05,0,2022,12,Dec
Groceries,-2,2,0,2022,12,Dec
Groceries,-2.72,2.72,0,2022,12,Dec
Savings,-0.28,0.28,0,2022,12,Dec
Expenses,-11.08,11.08,0,2022,12,Dec
Savings,-0.92,0.92,0,2022,12,Dec
Expenses,-20.51,20.51,0,2022,12,Dec
Savings,-0.49,0.49,0,2022,12,Dec
Family,22,0,22,2022,12,Dec
Transport,-3.3,3.3,0,2022,12,Dec
Income,13,0,13,2022,12,Dec
Groceries,-3.74,3.74,0,2022,12,Dec
Savings,-0.26,0.26,0,2022,12,Dec
Groceries,-0.94,0.94,0,2022,12,Dec
Transport,-3.3,3.3,0,2022,12,Dec
Savings,-0.7,0.7,0,2022,12,Dec
Family,9,0,9,2022,12,Dec
Expenses,-7.99,7.99,0,2022,12,Dec
Savings,-0.01,0.01,0,2022,12,Dec
Groceries,-1.25,1.25,0,2022,12,Dec
Savings,-0.75,0.75,0,2022,12,Dec
Family,10,0,10,2022,12,Dec
Groceries,-2.99,2.99,0,2022,12,Dec
Savings,-0.01,0.01,0,2022,12,Dec
Expenses,-3.99,3.99,0,2022,12,Dec
Savings,-0.01,0.01,0,2022,12,Dec
Groceries,-9.99,9.99,0,2022,12,Dec
Savings,-0.01,0.01,0,2022,12,Dec
Groceries,-1.1,1.1,0,2022,12,Dec
Savings,-0.9,0.9,0,2022,12,Dec
Family,5,0,5,2022,12,Dec
Expenses,-7.99,7.99,0,2022,12,Dec
Savings,-0.01,0.01,0,2022,12,Dec
Family,10,0,10,2022,12,Dec
Eating out,-6.3,6.3,0,2022,12,Dec
Savings,-0.7,0.7,0,2022,12,Dec
Family,15,0,15,2022,12,Dec
Family,15,0,15,2022,12,Dec
Transport,-3.3,3.3,0,2023,1,Jan
Savings,-0.7,0.7,0,2023,1,Jan
Family,-15,15,0,2023,1,Jan
Transport,-3.3,3.3,0,2023,1,Jan
Savings,-0.7,0.7,0,2023,1,Jan
Groceries,-1.49,1.49,0,2023,1,Jan
Savings,-0.51,0.51,0,2023,1,Jan
Family,180,0,180,2023,1,Jan
Family,-180,180,0,2023,1,Jan
Groceries,-0.99,0.99,0,2023,1,Jan
General,-5,5,0,2023,1,Jan
Family,15,0,15,2023,1,Jan
Expenses,-10.39,10.39,0,2023,1,Jan
Savings,-0.61,0.61,0,2023,1,Jan
Expenses,-4.09,4.09,0,2023,1,Jan
Savings,-0.91,0.91,0,2023,1,Jan
Groceries,-1.79,1.79,0,2023,1,Jan
Savings,-0.21,0.21,0,2023,1,Jan
Transfers,10,0,10,2023,1,Jan
Transfers,2,0,2,2023,1,Jan
Family,10,0,10,2023,1,Jan
Transport,-18.05,18.05,0,2023,1,Jan
Savings,-0.95,0.95,0,2023,1,Jan
Transport,-2,2,0,2023,1,Jan
Transport,-2,2,0,2023,1,Jan
Transport,-9.8,9.8,0,2023,1,Jan
Transport,-13.05,13.05,0,2023,1,Jan
Transfers,50,0,50,2023,1,Jan
Transport,-11.6,11.6,0,2023,1,Jan
Savings,-0.4,0.4,0,2023,1,Jan
Income,500,0,500,2023,1,Jan
Transfers,-500,500,0,2023,1,Jan
Income,200,0,200,2023,1,Jan
Family,-200,200,0,2023,1,Jan
Income,100,0,100,2023,1,Jan
Transfers,-80,80,0,2023,1,Jan
Family,-25,25,0,2023,1,Jan
Groceries,-0.6,0.6,0,2023,1,Jan
Transport,-3.3,3.3,0,2023,1,Jan
Savings,-0.7,0.7,0,2023,1,Jan
Transfers,2,0,2,2023,1,Jan
Transport,-11.45,11.45,0,2023,1,Jan
Savings,-0.55,0.55,0,2023,1,Jan
Transport,-2,2,0,2023,1,Jan
Transport,-2,2,0,2023,1,Jan
Groceries,-0.8,0.8,0,2023,1,Jan
Transfers,1,0,1,2023,1,Jan
Groceries,-2.4,2.4,0,2023,1,Jan
Savings,-0.6,0.6,0,2023,1,Jan
Transfers,5,0,5,2023,1,Jan
Transport,-0.1,0.1,0,2023,1,Jan
Transport,-7.25,7.25,0,2023,1,Jan
Transfers,5,0,5,2023,1,Jan
Transfers,5,0,5,2023,1,Jan
Groceries,-4.47,4.47,0,2023,1,Jan
Savings,-0.53,0.53,0,2023,1,Jan
Transfers,50,0,50,2023,1,Jan
Shopping,-10,10,0,2023,1,Jan
Income,100,0,100,2023,1,Jan
Family,-60,60,0,2023,1,Jan
Transfers,-25,25,0,2023,1,Jan
Expenses,-46.9,46.9,0,2023,1,Jan
Savings,-0.1,0.1,0,2023,1,Jan
Family,10,0,10,2023,1,Jan
Shopping,-0.99,0.99,0,2023,1,Jan
Shopping,-9.99,9.99,0,2023,1,Jan
Savings,-0.01,0.01,0,2023,1,Jan
Shopping,-3.98,3.98,0,2023,1,Jan
Savings,-0.02,0.02,0,2023,1,Jan
Transfers,1,0,1,2023,1,Jan
Transfers,15,0,15,2023,1,Jan
Family,-10,10,0,2023,1,Jan
Family,7,0,7,2023,1,Jan
Groceries,-12,12,0,2023,1,Jan
Groceries,-3.15,3.15,0,2023,1,Jan
Savings,-0.85,0.85,0,2023,1,Jan
Transfers,1,0,1,2023,1,Jan
Transfers,5,0,5,2023,1,Jan
Groceries,-4.1,4.1,0,2023,1,Jan
Savings,-0.9,0.9,0,2023,1,Jan
Groceries,-2.3,2.3,0,2023,1,Jan
Transfers,10,0,10,2023,1,Jan
Transfers,1,0,1,2023,1,Jan
Transport,-4.85,4.85,0,2023,1,Jan
Savings,-0.15,0.15,0,2023,1,Jan
Eating out,-4.68,4.68,0,2023,1,Jan
Savings,-0.32,0.32,0,2023,1,Jan
Transfers,5,0,5,2023,1,Jan
Transfers,5,0,5,2023,1,Jan
Transport,-5.4,5.4,0,2023,1,Jan
Shopping,-1.99,1.99,0,2023,1,Jan
Savings,-0.01,0.01,0,2023,1,Jan
Transport,0.1,0,0.1,2023,1,Jan
Income,30,0,30,2023,1,Jan
Transfers,-25,25,0,2023,1,Jan
Transport,-3.3,3.3,0,2023,1,Jan
Savings,-0.7,0.7,0,2023,1,Jan
Transfers,1,0,1,2023,1,Jan
Transfers,10,0,10,2023,1,Jan
Transport,-11.45,11.45,0,2023,1,Jan
Savings,-0.55,0.55,0,2023,1,Jan
Transport,-2,2,0,2023,1,Jan
Groceries,-2.34,2.34,0,2023,1,Jan
Savings,-0.66,0.66,0,2023,1,Jan
Transfers,1,0,1,2023,1,Jan
Transfers,3,0,3,2023,1,Jan
Transfers,10,0,10,2023,2,Feb
Income,25,0,25,2023,2,Feb
Transfers,-25,25,0,2023,2,Feb
Groceries,-0.3,0.3,0,2023,2,Feb
Transfers,5,0,5,2023,2,Feb
Expenses,-13.7,13.7,0,2023,2,Feb
Savings,-0.3,0.3,0,2023,2,Feb
Transfers,1,0,1,2023,2,Feb
Transfers,10,0,10,2023,2,Feb
Family,-10,10,0,2023,2,Feb
Family,-1.65,1.65,0,2023,2,Feb
Transfers,120,0,120,2023,2,Feb
Family,-120,120,0,2023,2,Feb
Income,390,0,390,2023,2,Feb
Family,-390,390,0,2023,2,Feb
Groceries,-1.79,1.79,0,2023,2,Feb
Savings,-0.21,0.21,0,2023,2,Feb
Transport,-3.3,3.3,0,2023,2,Feb
Transfers,10,0,10,2023,2,Feb
Eating out,-3.6,3.6,0,2023,2,Feb
Savings,-0.4,0.4,0,2023,2,Feb
Family,20,0,20,2023,2,Feb
Transfers,-15,15,0,2023,2,Feb
Groceries,-1.58,1.58,0,2023,2,Feb
Savings,-0.42,0.42,0,2023,2,Feb
Transfers,1,0,1,2023,2,Feb
Transfers,5,0,5,2023,2,Feb
Transport,-11.45,11.45,0,2023,2,Feb
Savings,-0.55,0.55,0,2023,2,Feb
Groceries,-1,1,0,2023,2,Feb
Transfers,3,0,3,2023,2,Feb
Groceries,-1.58,1.58,0,2023,2,Feb
Savings,-0.42,0.42,0,2023,2,Feb
Transfers,1,0,1,2023,2,Feb
Transfers,5,0,5,2023,2,Feb
Transfers,4,0,4,2023,2,Feb
Transfers,-6,6,0,2023,2,Feb
Income,30,0,30,2023,2,Feb
Transfers,-30,30,0,2023,2,Feb
General,-5,5,0,2023,2,Feb
General,5,0,5,2023,2,Feb
Transfers,36,0,36,2023,2,Feb
Savings,-37,37,0,2023,2,Feb
Income,600,0,600,2023,2,Feb
Family,-230,230,0,2023,2,Feb
Transfers,-100,100,0,2023,2,Feb
Transfers,-120,120,0,2023,2,Feb
Transfers,-150,150,0,2023,2,Feb
Transfers,-1,1,0,2023,2,Feb
Income,17,0,17,2023,2,Feb
Groceries,-12.2,12.2,0,2023,2,Feb
Savings,-0.8,0.8,0,2023,2,Feb
Groceries,-5.25,5.25,0,2023,2,Feb
Savings,-0.75,0.75,0,2023,2,Feb
Transfers,1,0,1,2023,2,Feb
Income,100,0,100,2023,2,Feb
Transfers,-100,100,0,2023,2,Feb
Transfers,5,0,5,2023,2,Feb
Groceries,-5.08,5.08,0,2023,2,Feb
Savings,-0.92,0.92,0,2023,2,Feb
Transfers,1,0,1,2023,2,Feb
Transfers,5,0,5,2023,2,Feb
Groceries,-2.79,2.79,0,2023,2,Feb
Savings,-0.21,0.21,0,2023,2,Feb
Transfers,15,0,15,2023,2,Feb
Groceries,-9.6,9.6,0,2023,2,Feb
Savings,-0.4,0.4,0,2023,2,Feb
Transfers,1,0,1,2023,2,Feb
Groceries,-7.47,7.47,0,2023,2,Feb
Savings,-0.53,0.53,0,2023,2,Feb
Groceries,-1.98,1.98,0,2023,2,Feb
Transfers,10,0,10,2023,2,Feb
Groceries,-5.24,5.24,0,2023,2,Feb
Savings,-0.76,0.76,0,2023,2,Feb
Transfers,100,0,100,2023,2,Feb
Family,-100,100,0,2023,2,Feb
Transfers,1,0,1,2023,2,Feb
Transfers,7,0,7,2023,2,Feb
Transport,-11.45,11.45,0,2023,2,Feb
Income,7.5,0,7.5,2023,2,Feb
Transfers,-7,7,0,2023,2,Feb
Groceries,-0.99,0.99,0,2023,2,Feb
Transfers,5,0,5,2023,2,Feb
Transport,-4.85,4.85,0,2023,2,Feb
Transfers,2,0,2,2023,2,Feb
Groceries,-1.95,1.95,0,2023,2,Feb
Income,100,0,100,2023,2,Feb
Transfers,-100,100,0,2023,2,Feb
Transfers,5,0,5,2023,2,Feb
Transport,-4.85,4.85,0,2023,2,Feb
Transfers,5,0,5,2023,2,Feb
Groceries,-3.35,3.35,0,2023,2,Feb
Savings,-0.65,0.65,0,2023,2,Feb
Transfers,1,0,1,2023,2,Feb
Transfers,5,0,5,2023,2,Feb
Groceries,-3.39,3.39,0,2023,2,Feb
Savings,-0.61,0.61,0,2023,2,Feb
Groceries,-1.39,1.39,0,2023,2,Feb
Savings,-0.61,0.61,0,2023,2,Feb
Groceries,-1.25,1.25,0,2023,2,Feb
Transfers,1,0,1,2023,2,Feb
Transfers,11,0,11,2023,2,Feb
Transport,-12,12,0,2023,2,Feb
Transfers,2,0,2,2023,2,Feb
Groceries,-1.85,1.85,0,2023,2,Feb
Transfers,5,0,5,2023,2,Feb
Groceries,-2.3,2.3,0,2023,2,Feb
Savings,-0.7,0.7,0,2023,2,Feb
Transfers,3,0,3,2023,2,Feb
Transport,-4.85,4.85,0,2023,2,Feb
Transfers,5,0,5,2023,2,Feb
Transfers,1,0,1,2023,2,Feb
Transport,-5.9,5.9,0,2023,2,Feb
Transfers,10,0,10,2023,2,Feb
Groceries,-1.2,1.2,0,2023,2,Feb
Savings,-0.8,0.8,0,2023,2,Feb
Transfers,1,0,1,2023,3,Mar
Transfers,5,0,5,2023,3,Mar
Transport,-9.4,9.4,0,2023,3,Mar
Savings,-0.6,0.6,0,2023,3,Mar
Transport,-1.65,1.65,0,2023,3,Mar
Transfers,1,0,1,2023,3,Mar
Transport,-4.85,4.85,0,2023,3,Mar
Transfers,5,0,5,2023,3,Mar
Groceries,-1.2,1.2,0,2023,3,Mar
Savings,-0.8,0.8,0,2023,3,Mar
Transfers,1,0,1,2023,3,Mar
Income,22,0,22,2023,3,Mar
Transfers,-20,20,0,2023,3,Mar
Transfers,80,0,80,2023,3,Mar
Transfers,-80,80,0,2023,3,Mar
Transport,-5.1,5.1,0,2023,3,Mar
Transfers,15,0,15,2023,3,Mar
Transport,-12.1,12.1,0,2023,3,Mar
Savings,-0.9,0.9,0,2023,3,Mar
Groceries,-1.09,1.09,0,2023,3,Mar
Savings,-0.91,0.91,0,2023,3,Mar
Transfers,1,0,1,2023,3,Mar
Groceries,-1,1,0,2023,3,Mar
Family,60,0,60,2023,3,Mar
General,-60,60,0,2023,3,Mar
Transfers,10,0,10,2023,3,Mar
Transport,-6.2,6.2,0,2023,3,Mar
Savings,-0.8,0.8,0,2023,3,Mar
Transfers,1,0,1,2023,3,Mar
Transfers,0.77,0,0.77,2023,3,Mar
Transport,-4.05,4.05,0,2023,3,Mar
Transfers,5,0,5,2023,3,Mar
Groceries,-1.95,1.95,0,2023,3,Mar
Savings,-0.05,0.05,0,2023,3,Mar
Income,500,0,500,2023,3,Mar
Family,-300,300,0,2023,3,Mar
Transfers,-100,100,0,2023,3,Mar
Transfers,-100,100,0,2023,3,Mar
Income,200,0,200,2023,3,Mar
Transfers,-200,200,0,2023,3,Mar
Transfers,2,0,2,2023,3,Mar
Transfers,5,0,5,2023,3,Mar
Groceries,-7.27,7.27,0,2023,3,Mar
Savings,-0.73,0.73,0,2023,3,Mar
Groceries,-0.75,0.75,0,2023,3,Mar
Transfers,10,0,10,2023,3,Mar
Eating out,-11,11,0,2023,3,Mar
Family,20,0,20,2023,3,Mar
Transfers,-15,15,0,2023,3,Mar
Shopping,-4.99,4.99,0,2023,3,Mar
Savings,-0.01,0.01,0,2023,3,Mar
Transfers,2,0,2,2023,3,Mar
Groceries,-2.2,2.2,0,2023,3,Mar
Savings,-0.8,0.8,0,2023,3,Mar
Transfers,1,0,1,2023,3,Mar
Transfers,12,0,12,2023,3,Mar
Transport,-12.89,12.89,0,2023,3,Mar
Transfers,5,0,5,2023,3,Mar
Family,-5,5,0,2023,3,Mar
Transfers,7,0,7,2023,3,Mar
Transport,-6.2,6.2,0,2023,3,Mar
Savings,-0.8,0.8,0,2023,3,Mar
Income,20,0,20,2023,3,Mar
Family,-20,20,0,2023,3,Mar
Transfers,1,0,1,2023,3,Mar
Transfers,4,0,4,2023,3,Mar
Transport,-4.05,4.05,0,2023,3,Mar
Savings,-0.95,0.95,0,2023,3,Mar
Transfers,1,0,1,2023,3,Mar
Transfers,0.3,0,0.3,2023,3,Mar
Transfers,1,0,1,2023,3,Mar
Groceries,-0.9,0.9,0,2023,3,Mar
Transfers,5,0,5,2023,3,Mar
Groceries,-2.5,2.5,0,2023,3,Mar
Savings,-0.5,0.5,0,2023,3,Mar
Eating out,-1.99,1.99,0,2023,3,Mar
Savings,-0.01,0.01,0,2023,3,Mar
Transfers,0.55,0,0.55,2023,3,Mar
Income,3,0,3,2023,3,Mar
Transfers,-5,5,0,2023,3,Mar
Transfers,15,0,15,2023,3,Mar
Groceries,-13,13,0,2023,3,Mar
Family,10,0,10,2023,3,Mar
Transfers,2,0,2,2023,3,Mar
Transfers,-4,4,0,2023,3,Mar
Transport,-6.2,6.2,0,2023,3,Mar
Savings,-0.8,0.8,0,2023,3,Mar
Transfers,0.8,0,0.8,2023,3,Mar
Transfers,2,0,2,2023,3,Mar
Transport,-4.05,4.05,0,2023,3,Mar
Savings,-0.95,0.95,0,2023,3,Mar
Transfers,0.95,0,0.95,2023,3,Mar
Groceries,-1.25,1.25,0,2023,3,Mar
Transfers,20,0,20,2023,3,Mar
Transport,-19.1,19.1,0,2023,3,Mar
Savings,-0.9,0.9,0,2023,3,Mar
Transfers,5,0,5,2023,3,Mar
Groceries,-4.63,4.63,0,2023,3,Mar
Savings,-0.37,0.37,0,2023,3,Mar
Transfers,1,0,1,2023,3,Mar
Transfers,9,0,9,2023,3,Mar
Transport,-6.2,6.2,0,2023,3,Mar
Savings,-0.8,0.8,0,2023,3,Mar
Transfers,1,0,1,2023,3,Mar
Transport,-4.05,4.05,0,2023,3,Mar
Transfers,0.07,0,0.07,2023,3,Mar
Groceries,-0.8,0.8,0,2023,3,Mar
Transfers,2,0,2,2023,3,Mar
Transport,-1.75,1.75,0,2023,3,Mar
Transfers,7,0,7,2023,3,Mar
Transport,-6.2,6.2,0,2023,3,Mar
Savings,-0.8,0.8,0,2023,3,Mar
Transfers,100,0,100,2023,3,Mar
Family,-100,100,0,2023,3,Mar
Transfers,5,0,5,2023,3,Mar
Transport,-4.05,4.05,0,2023,3,Mar
Savings,-0.95,0.95,0,2023,3,Mar
Transfers,1.75,0,1.75,2023,3,Mar
Transfers,3,0,3,2023,3,Mar
Groceries,-4.04,4.04,0,2023,3,Mar
Groceries,-0.6,0.6,0,2023,3,Mar
Income,100,0,100,2023,3,Mar
Transfers,-100,100,0,2023,3,Mar
Transfers,6,0,6,2023,3,Mar
Eating out,-4.99,4.99,0,2023,3,Mar
Savings,-0.01,0.01,0,2023,3,Mar
Income,350,0,350,2023,3,Mar
Family,-350,350,0,2023,3,Mar
Income,50,0,50,2023,3,Mar
Transfers,-50,50,0,2023,3,Mar
Transfers,15,0,15,2023,3,Mar
Shopping,-12,12,0,2023,3,Mar
Transfers,-4,4,0,2023,3,Mar
Transfers,16,0,16,2023,3,Mar
Transport,-12.1,12.1,0,2023,3,Mar
Savings,-0.9,0.9,0,2023,3,Mar
Transfers,-3,3,0,2023,3,Mar
Transfers,0.9,0,0.9,2023,3,Mar
Groceries,-1,1,0,2023,3,Mar
Transfers,7,0,7,2023,3,Mar
Transport,-6.2,6.2,0,2023,3,Mar
Savings,-0.8,0.8,0,2023,3,Mar
Transfers,5,0,5,2023,3,Mar
Transport,-4.05,4.05,0,2023,3,Mar
Savings,-0.95,0.95,0,2023,3,Mar
Transfers,3,0,3,2023,3,Mar
Transfers,0.75,0,0.75,2023,3,Mar
Groceries,-3.55,3.55,0,2023,3,Mar
Transfers,2,0,2,2023,3,Mar
Transfers,12,0,12,2023,3,Mar
Transport,-12.1,12.1,0,2023,3,Mar
Savings,-0.9,0.9,0,2023,3,Mar
Transport,-1.75,1.75,0,2023,3,Mar
Transfers,2,0,2,2023,3,Mar
Transfers,9.9,0,9.9,2023,3,Mar
Transport,-10,10,0,2023,3,Mar
Income,30,0,30,2023,3,Mar
Transfers,-30,30,0,2023,3,Mar
Transfers,-1,1,0,2023,3,Mar
Transfers,10,0,10,2023,3,Mar
Transport,-6.2,6.2,0,2023,3,Mar
Savings,-0.8,0.8,0,2023,3,Mar
Transfers,0.8,0,0.8,2023,3,Mar
Transport,-4.05,4.05,0,2023,3,Mar
Family,85,0,85,2023,4,Apr
Shopping,-84.5,84.5,0,2023,4,Apr
Transfers,50,0,50,2023,4,Apr
Transfers,-50,50,0,2023,4,Apr
Transfers,5,0,5,2023,4,Apr
Transfers,2,0,2,2023,4,Apr
Groceries,-7.65,7.65,0,2023,4,Apr
Transfers,11,0,11,2023,4,Apr
Transport,-6.2,6.2,0,2023,4,Apr
Savings,-0.8,0.8,0,2023,4,Apr
Transport,-4.05,4.05,0,2023,4,Apr
Transfers,10.25,0,10.25,2023,4,Apr
Income,20,0,20,2023,4,Apr
Transport,-10.25,10.25,0,2023,4,Apr
Savings,-0.75,0.75,0,2023,4,Apr
Transport,-8.1,8.1,0,2023,4,Apr
Savings,-0.9,0.9,0,2023,4,Apr
Transfers,4,0,4,2023,4,Apr
Transfers,20,0,20,2023,4,Apr
Transport,-17.7,17.7,0,2023,4,Apr
Savings,-0.3,0.3,0,2023,4,Apr
Family,-15,15,0,2023,4,Apr
Transport,-5.25,5.25,0,2023,4,Apr
Income,300,0,300,2023,4,Apr
Family,-300,300,0,2023,4,Apr
Income,300,0,300,2023,4,Apr
Transfers,-100,100,0,2023,4,Apr
Transfers,-60,60,0,2023,4,Apr
Transfers,-100,100,0,2023,4,Apr
Transfers,-35,35,0,2023,4,Apr
Transfers,8,0,8,2023,4,Apr
Family,-10,10,0,2023,4,Apr
Transfers,7,0,7,2023,4,Apr
Transfers,-6,6,0,2023,4,Apr
Transfers,10,0,10,2023,4,Apr
Transfers,0.5,0,0.5,2023,4,Apr
Transport,-10.25,10.25,0,2023,4,Apr
Transfers,10,0,10,2023,4,Apr
Transport,-10.25,10.25,0,2023,4,Apr
Transfers,10.25,0,10.25,2023,4,Apr
Transport,-10.25,10.25,0,2023,4,Apr
Transfers,6,0,6,2023,4,Apr
Transfers,1,0,1,2023,4,Apr
Groceries,-6.85,6.85,0,2023,4,Apr
Transfers,1000,0,1000,2023,4,Apr
Expenses,-1000,1000,0,2023,4,Apr
Transfers,4,0,4,2023,4,Apr
Family,-4,4,0,2023,4,Apr
Transfers,1,0,1,2023,4,Apr
Family,-1,1,0,2023,4,Apr
Family,1000,0,1000,2023,4,Apr
Transfers,-1000,1000,0,2023,4,Apr
Transfers,14,0,14,2023,4,Apr
Transfers,-4,4,0,2023,4,Apr
Transfers,4,0,4,2023,4,Apr
Groceries,-12.1,12.1,0,2023,4,Apr
Savings,-0.9,0.9,0,2023,4,Apr
Shopping,0,0,0,2023,4,Apr
Income,30,0,30,2023,4,Apr
Transfers,-10,10,0,2023,4,Apr
Transfers,-10,10,0,2023,4,Apr
Shopping,-10.99,10.99,0,2023,4,Apr
Transfers,20,0,20,2023,4,Apr
Transfers,-20,20,0,2023,4,Apr
Transfers,1000,0,1000,2023,4,Apr
Expenses,-1000,1000,0,2023,4,Apr
Family,1000,0,1000,2023,4,Apr
Transfers,-1000,1000,0,2023,4,Apr
Income,50,0,50,2023,4,Apr
Transfers,-50,50,0,2023,4,Apr
Family,75,0,75,2023,4,Apr
Transfers,1350,0,1350,2023,4,Apr
Expenses,-1425,1425,0,2023,4,Apr
Transfers,9.75,0,9.75,2023,4,Apr
Transport,-6.2,6.2,0,2023,4,Apr
Savings,-0.8,0.8,0,2023,4,Apr
Transfers,1,0,1,2023,4,Apr
Transport,-4.05,4.05,0,2023,4,Apr
Income,20.97,0,20.97,2023,4,Apr
Transfers,-20,20,0,2023,4,Apr
Transfers,13,0,13,2023,4,Apr
Shopping,-13.7,13.7,0,2023,4,Apr
Transfers,10,0,10,2023,4,Apr
Transport,-6.2,6.2,0,2023,4,Apr
Savings,-0.8,0.8,0,2023,4,Apr
Transfers,1,0,1,2023,4,Apr
Transport,-4.05,4.05,0,2023,4,Apr
Transfers,16,0,16,2023,4,Apr
Transport,-15.75,15.75,0,2023,4,Apr
Transfers,5,0,5,2023,4,Apr
Groceries,-5.15,5.15,0,2023,4,Apr
Transfers,10,0,10,2023,4,Apr
Transport,-10.25,10.25,0,2023,4,Apr
Shopping,84.5,0,84.5,2023,4,Apr
Family,-80,80,0,2023,4,Apr
Transfers,-4,4,0,2023,4,Apr
Transfers,0.5,0,0.5,2023,4,Apr
Groceries,-1.1,1.1,0,2023,4,Apr
Transfers,13,0,13,2023,4,Apr
Transport,-12.1,12.1,0,2023,4,Apr
Transfers,2,0,2,2023,4,Apr
Transfers,4,0,4,2023,4,Apr
Groceries,-5.36,5.36,0,2023,4,Apr
Savings,-0.64,0.64,0,2023,4,Apr
Income,20,0,20,2023,4,Apr
Transfers,-18,18,0,2023,4,Apr
Transfers,10,0,10,2023,4,Apr
Transport,-10.25,10.25,0,2023,4,Apr
Savings,-0.75,0.75,0,2023,4,Apr
Transfers,1.1,0,1.1,2023,4,Apr
Groceries,-2.15,2.15,0,2023,4,Apr
Transfers,5,0,5,2023,4,Apr
Transfers,5,0,5,2023,4,Apr
Groceries,-8.33,8.33,0,2023,4,Apr
Savings,-0.67,0.67,0,2023,4,Apr
Groceries,-0.3,0.3,0,2023,4,Apr
Groceries,-0.8,0.8,0,2023,5,May
Transfers,5,0,5,2023,5,May
Groceries,-3.85,3.85,0,2023,5,May
Savings,-0.15,0.15,0,2023,5,May
Transfers,14,0,14,2023,5,May
Transport,-12.1,12.1,0,2023,5,May
Savings,-0.9,0.9,0,2023,5,May
Transfers,-2,2,0,2023,5,May
Transfers,5,0,5,2023,5,May
Groceries,-4.5,4.5,0,2023,5,May
Savings,-0.5,0.5,0,2023,5,May
Income,10,0,10,2023,5,May
Transfers,-10,10,0,2023,5,May
Transfers,10,0,10,2023,5,May
Transport,-10.25,10.25,0,2023,5,May
Family,15,0,15,2023,5,May
Expenses,-14.99,14.99,0,2023,5,May
Transfers,10,0,10,2023,5,May
Transport,-10.25,10.25,0,2023,5,May
Transfers,6,0,6,2023,5,May
Groceries,-4.65,4.65,0,2023,5,May
Savings,-0.35,0.35,0,2023,5,May
Income,500,0,500,2023,5,May
Family,-350,350,0,2023,5,May
Family,-50,50,0,2023,5,May
Transfers,-41,41,0,2023,5,May
Transfers,-60,60,0,2023,5,May
Income,131,0,131,2023,5,May
Transfers,-30,30,0,2023,5,May
Transfers,-101,101,0,2023,5,May
Transfers,20,0,20,2023,5,May
Shopping,-19.5,19.5,0,2023,5,May
Transfers,75,0,75,2023,5,May
Family,-75,75,0,2023,5,May
Income,90,0,90,2023,5,May
Transfers,-90,90,0,2023,5,May
Income,100,0,100,2023,5,May
Transfers,-100,100,0,2023,5,May
Transfers,10,0,10,2023,5,May
Transport,-5,5,0,2023,5,May
Transfers,-5,5,0,2023,5,May
Transfers,100,0,100,2023,5,May
General,-100,100,0,2023,5,May
Family,20,0,20,2023,5,May
Family,-20,20,0,2023,5,May
Transfers,13,0,13,2023,5,May
Transport,-12.1,12.1,0,2023,5,May
Savings,-0.9,0.9,0,2023,5,May
Transfers,5,0,5,2023,5,May
Expenses,-3.04,3.04,0,2023,5,May
Savings,-0.96,0.96,0,2023,5,May
Transfers,-1,1,0,2023,5,May
Transfers,10,0,10,2023,5,May
Transport,-10.25,10.25,0,2023,5,May
Transfers,5,0,5,2023,5,May
Groceries,-3.3,3.3,0,2023,5,May
Savings,-0.7,0.7,0,2023,5,May
Transfers,3,0,3,2023,5,May
Transfers,1,0,1,2023,5,May
Groceries,-4.6,4.6,0,2023,5,May
Transfers,10,0,10,2023,5,May
Transport,-3.5,3.5,0,2023,5,May
Transport,-2,2,0,2023,5,May
Transport,-2,2,0,2023,5,May
Family,10,0,10,2023,5,May
Transfers,10,0,10,2023,5,May
Groceries,-18.39,18.39,0,2023,5,May
Savings,-0.61,0.61,0,2023,5,May
Family,5,0,5,2023,5,May
Transfers,5,0,5,2023,5,May
Groceries,-11.56,11.56,0,2023,5,May
Savings,-0.44,0.44,0,2023,5,May
Transfers,-2,2,0,2023,5,May
Transfers,3,0,3,2023,5,May
Groceries,-2.99,2.99,0,2023,5,May
Transfers,10,0,10,2023,5,May
Transport,-10.25,10.25,0,2023,5,May
Transfers,5,0,5,2023,5,May
Groceries,-4.09,4.09,0,2023,5,May
Savings,-0.91,0.91,0,2023,5,May
Transfers,2,0,2,2023,5,May
Groceries,-1.79,1.79,0,2023,5,May
Transfers,10,0,10,2023,5,May
Transfers,15,0,15,2023,5,May
Eating out,-8.5,8.5,0,2023,5,May
Savings,-0.5,0.5,0,2023,5,May
Transfers,-5,5,0,2023,5,May
Transfers,2,0,2,2023,5,May
Transfers,1,0,1,2023,5,May
Transfers,10,0,10,2023,5,May
Transport,-10.25,10.25,0,2023,5,May
Savings,-0.75,0.75,0,2023,5,May
Transfers,1,0,1,2023,5,May
Transfers,5,0,5,2023,5,May
Transfers,5,0,5,2023,5,May
Eating out,-9,9,0,2023,5,May
Transport,-13.7,13.7,0,2023,5,May
Savings,-0.3,0.3,0,2023,5,May
Transfers,-1,1,0,2023,5,May
Family,17,0,17,2023,5,May
Transfers,-17,17,0,2023,5,May
Family,20,0,20,2023,5,May
Family,10,0,10,2023,5,May
Groceries,-29.69,29.69,0,2023,5,May
Transfers,9,0,9,2023,5,May
Family,-9,9,0,2023,5,May
Transfers,8,0,8,2023,5,May
Transfers,-8,8,0,2023,5,May
Transfers,4,0,4,2023,5,May
Family,-3,3,0,2023,5,May
Transport,-1.75,1.75,0,2023,5,May
Transfers,10,0,10,2023,5,May
Transfers,0.5,0,0.5,2023,5,May
Transport,-6.2,6.2,0,2023,5,May
Savings,-0.8,0.8,0,2023,5,May
Transfers,1,0,1,2023,5,May
Transport,-4.05,4.05,0,2023,5,May
Transfers,10,0,10,2023,5,May
Groceries,-3.9,3.9,0,2023,5,May
Savings,-0.1,0.1,0,2023,5,May
Groceries,-5.66,5.66,0,2023,5,May
Transfers,15,0,15,2023,5,May
Groceries,-1.5,1.5,0,2023,5,May
Savings,-0.5,0.5,0,2023,5,May
Transport,-11.4,11.4,0,2023,5,May
Savings,-0.6,0.6,0,2023,5,May
Transfers,10,0,10,2023,5,May
Transfers,7,0,7,2023,5,May
Transport,-13.9,13.9,0,2023,5,May
Savings,-0.1,0.1,0,2023,5,May
Transfers,10,0,10,2023,5,May
Transport,-10.25,10.25,0,2023,5,May
Savings,-0.75,0.75,0,2023,5,May
Income,291.5,0,291.5,2023,5,May
Family,-250,250,0,2023,5,May
Transfers,-45,45,0,2023,5,May
Transfers,45,0,45,2023,5,May
Shopping,0,0,0,2023,5,May
Shopping,-44.99,44.99,0,2023,5,May
Income,45,0,45,2023,5,May
Transfers,-45,45,0,2023,5,May
Transfers,6,0,6,2023,5,May
Transport,-6.2,6.2,0,2023,5,May
Transfers,5,0,5,2023,5,May
Transport,-4.05,4.05,0,2023,5,May
Transfers,3,0,3,2023,5,May
Groceries,-3.24,3.24,0,2023,5,May
Family,3,0,3,2023,5,May
Family,1,0,1,2023,5,May
Transfers,2,0,2,2023,5,May
Groceries,-5.15,5.15,0,2023,5,May
Savings,-0.85,0.85,0,2023,5,May
Transfers,7,0,7,2023,6,Jun
Transfers,-6,6,0,2023,6,Jun
Transfers,-1,1,0,2023,6,Jun
Transfers,20,0,20,2023,6,Jun
Transfers,-20,20,0,2023,6,Jun
Transfers,23,0,23,2023,6,Jun
Transfers,-23,23,0,2023,6,Jun
Transfers,10,0,10,2023,6,Jun
Family,-10,10,0,2023,6,Jun
Transfers,10,0,10,2023,6,Jun
Transport,-6.2,6.2,0,2023,6,Jun
Savings,-0.8,0.8,0,2023,6,Jun
Transfers,7,0,7,2023,6,Jun
Groceries,-5.19,5.19,0,2023,6,Jun
Savings,-0.81,0.81,0,2023,6,Jun
Transport,-2,2,0,2023,6,Jun
Transport,-1.75,1.75,0,2023,6,Jun
Savings,-0.25,0.25,0,2023,6,Jun
Transfers,3,0,3,2023,6,Jun
Transfers,4,0,4,2023,6,Jun
Groceries,-6.5,6.5,0,2023,6,Jun
Savings,-0.5,0.5,0,2023,6,Jun
Groceries,-1.79,1.79,0,2023,6,Jun
Transfers,1.49,0,1.49,2023,6,Jun
Income,100,0,100,2023,6,Jun
Family,-50,50,0,2023,6,Jun
Family,-50,50,0,2023,6,Jun
Income,80,0,80,2023,6,Jun
Transfers,-80,80,0,2023,6,Jun
Income,50,0,50,2023,6,Jun
Family,-50,50,0,2023,6,Jun
Transfers,35,0,35,2023,6,Jun
Shopping,-29,29,0,2023,6,Jun
Income,150,0,150,2023,6,Jun
Transfers,-150,150,0,2023,6,Jun
Transfers,-6,6,0,2023,6,Jun
Transfers,5,0,5,2023,6,Jun
Family,-5,5,0,2023,6,Jun
Transfers,10,0,10,2023,6,Jun
Transport,-10.25,10.25,0,2023,6,Jun
Transfers,10,0,10,2023,6,Jun
Transfers,0.5,0,0.5,2023,6,Jun
Transport,-10.25,10.25,0,2023,6,Jun
Transfers,5,0,5,2023,6,Jun
Transfers,0.5,0,0.5,2023,6,Jun
Transfers,4,0,4,2023,6,Jun
Eating out,-9,9,0,2023,6,Jun
Transfers,10,0,10,2023,6,Jun
Transport,-13.7,13.7,0,2023,6,Jun
Groceries,-3.09,3.09,0,2023,6,Jun
Savings,-0.91,0.91,0,2023,6,Jun
Transfers,6.8,0,6.8,2023,6,Jun
Transfers,5,0,5,2023,6,Jun
Groceries,-4.76,4.76,0,2023,6,Jun
Transfers,20,0,20,2023,6,Jun
Groceries,-12.9,12.9,0,2023,6,Jun
Savings,-0.1,0.1,0,2023,6,Jun
Transfers,-7,7,0,2023,6,Jun
Transfers,10,0,10,2023,6,Jun
Family,-10,10,0,2023,6,Jun
Transfers,10,0,10,2023,6,Jun
Transport,-10.25,10.25,0,2023,6,Jun
Transfers,10,0,10,2023,6,Jun
Transfers,0.21,0,0.21,2023,6,Jun
Transport,-10.25,10.25,0,2023,6,Jun
Transfers,10,0,10,2023,6,Jun
Groceries,-2.54,2.54,0,2023,6,Jun
Savings,-0.46,0.46,0,2023,6,Jun
Groceries,-2.55,2.55,0,2023,6,Jun
Savings,-0.45,0.45,0,2023,6,Jun
Transfers,50,0,50,2023,6,Jun
Transfers,-50,50,0,2023,6,Jun
Transfers,5,0,5,2023,6,Jun
Groceries,-7,7,0,2023,6,Jun
Transfers,50,0,50,2023,6,Jun
Transfers,-50,50,0,2023,6,Jun
Transfers,10,0,10,2023,6,Jun
Transport,-11.4,11.4,0,2023,6,Jun
Transfers,20,0,20,2023,6,Jun
Shopping,-17.98,17.98,0,2023,6,Jun
Savings,-0.02,0.02,0,2023,6,Jun
Transfers,-2,2,0,2023,6,Jun
Transfers,10,0,10,2023,6,Jun
Expenses,-10,10,0,2023,6,Jun
Transfers,10,0,10,2023,6,Jun
Shopping,-1,1,0,2023,6,Jun
Shopping,-5,5,0,2023,6,Jun
Transfers,-4,4,0,2023,6,Jun
Transfers,10,0,10,2023,6,Jun
Transport,-10.25,10.25,0,2023,6,Jun
Transfers,15,0,15,2023,6,Jun
Transfers,0.5,0,0.5,2023,6,Jun
Transport,-15.75,15.75,0,2023,6,Jun
Transfers,15,0,15,2023,6,Jun
Transfers,10,0,10,2023,6,Jun
Eating out,-10.98,10.98,0,2023,6,Jun
Savings,-0.02,0.02,0,2023,6,Jun
Transport,5.75,0,5.75,2023,6,Jun
Transfers,10,0,10,2023,6,Jun
Transport,-6.2,6.2,0,2023,6,Jun
Savings,-0.8,0.8,0,2023,6,Jun
Transport,-17.6,17.6,0,2023,6,Jun
Savings,-0.4,0.4,0,2023,6,Jun
Transport,-4.05,4.05,0,2023,6,Jun
Transfers,2,0,2,2023,6,Jun
Groceries,-1.8,1.8,0,2023,6,Jun
Savings,-0.2,0.2,0,2023,6,Jun
Transfers,7,0,7,2023,6,Jun
Shopping,-6.86,6.86,0,2023,6,Jun
Transfers,10,0,10,2023,6,Jun
Family,-10,10,0,2023,6,Jun
